Model,Accuracy,Precision,Recall,F1-Score
Baseline,0.9721973094170404,0.9916666666666667,0.7986577181208053,0.8847583643122676
HITL,0.8663677130044843,0.0,0.0,0.0
